{
  "Disabled": false,
  "Testing": true,
  "InstalledFromUrl": "https://raw.githubusercontent.com/goatcorp/DalamudPlugins/api5/pluginmaster.json",
  "IsThirdParty": true,
  "Author": "Ottermandias",
  "Name": "GatherBuddy",
  "Punchline": "Simplify Gathering and Fishing.",
  "Description": "Adds commands to simplify gathering by finding nodes and fish and their locations via item name and a UI to keep track of special uptime and weather conditions.",
  "Changelog": null,
  "Tags": [
    "Gathering",
    "Fishing",
    "Miner",
    "Botanist",
    "Weather",
    "Alarms",
    "Timer"
  ],
  "CategoryTags": [
    "jobs"
  ],
  "IsHide": false,
  "InternalName": "GatherBuddy",
  "AssemblyVersion": "3.0.3.2",
  "TestingAssemblyVersion": null,
  "IsTestingExclusive": false,
  "RepoUrl": "https://github.com/Ottermandias/GatherBuddy",
  "ApplicableVersion": "any",
  "DalamudApiLevel": 5,
  "DownloadCount": 251389,
  "LastUpdate": 1647176333,
  "DownloadLinkInstall": "https://kamori.goats.dev/Plugin/Download/GatherBuddy?isUpdate=False&isTesting=False&branch=api5",
  "DownloadLinkUpdate": "https://raw.githubusercontent.com/goatcorp/DalamudPlugins/api5/plugins/GatherBuddy/latest.zip",
  "DownloadLinkTesting": "https://kamori.goats.dev/Plugin/Download/GatherBuddy?isUpdate=False&isTesting=True&branch=api5",
  "LoadPriority": 0,
  "ImageUrls": null,
  "IconUrl": "https://raw.githubusercontent.com/Ottermandias/GatherBuddy/main/images/icon.png",
  "AcceptsFeedback": true,
  "FeedbackMessage": null,
  "FeedbackWebhook": null
}